,Date,Comment
0,04/07/2023 06:49:50,"Jenin is the ancient city of Ganim mentioned in the Bible.  Today it houses about 40,000 people; complete with an industrial zone, retail shops, etc.

Next to Jenin is the Jenin Refugee Camp, which houses about 10,000 people, who are descendants of displaced Arabs from the 1948 War. 

There are about 300 armed fighters in the RC.  Israel has the identities and arrest warrants for 160 of them‚Äî they are who Israel is currently fighting."
0,04/07/2023 06:49:50,">Palestinians claim descendants of descendants are ‚Äúrefugees‚Äù no matter where they live and what citizenship they have ‚Äî the only group to have such a definition. By that logic 

By that logic the Jews have been refugees for 2,000 years and Muslims in the 8th century didn't ask for permission when conquering (butchering Jews as part of some conflict back then) & settling the land"
0,04/07/2023 06:49:50,"Exactly. By that logic, all of Israel should be considered a refugee camp, since there are descendants of refugees from all over the world living there."
0,04/07/2023 06:49:50,Honestly as someone in the west looking in it shameful how palistine would rather use dead kids as media tools rather than work toward fixing the problems with terrorists
0,04/07/2023 06:49:50,"Whew. Is it just me or is it hot in this sub today?

Remember when I said that most of the international observer crowd forgets to come here and virtue signal when we‚Äôre not in the news?

Hi guys, good to see you all back on cue! How‚Äôve you been"
0,04/07/2023 06:49:50,"https://preview.redd.it/ai8ccb8bux9b1.jpeg?width=750&format=pjpg&auto=webp&s=882b01ab6efa06ec7c52114d660e395c6d43ffe6

Jenin is not a camp. It‚Äôs a province of French Iranistan."
0,04/07/2023 06:49:50,"Now put yourself in their shoes: You were born there, you‚Äôre parents are poor and you can‚Äôt move elsewhere, that‚Äôs your home. You personally never had any conflict with Israel, none. You‚Äôre stuck between the hammer and the hard stone, protesting is impossible, now it‚Äôs 2AM, you‚Äôre father wakes you up, tell you to pack what you can carry because there‚Äôs a war you never were part of.

Idgaf about semantics or definition, truly don‚Äôt, the lack of people ability to show empathy to the other side disgusts me, and idgaf what‚Äôs your bs excuse for that, you will always find one"
0,04/07/2023 06:49:50,">By that logic, everyone is a refugee because their parents, grandparents, or great grandparents were probably from somewhere else.

Not true at all. Refugee status is only passed down from the father not the mother.

So you can have a man born in Kuwait and lives in LA married an American woman of Scott Irish decent and those kids are palestinian refugees. But a woman born in Ramalah who married an Egyptian, kids wouldn't be considered refugees."
0,04/07/2023 06:49:50,Well said - thank you!
0,04/07/2023 06:49:50,"People that had roots and homes in Haifa, Yaffa and other Palestinian cities, were removed from their homes for Israeli cities. Where do you think they went? Some fled to Lebanon (the southern parts where Israeli orchestrated massacres like Sabra and Shatilla took place.) Others fled to Jordan and Egypt. Others fled to other parts like Jenin. 

When an illegal settlement goes up, usually means people were removed before. Where do those people go? 

So some of the people that live in Jenin fled, in 48, some fled in 67, some fled weeks ago when villages were destroyed. 

So ya, after 75 years of taking refugee there, they built basic things like hospitals, roads, and infrastructure. All of which the Israeli military is destroying in recent weeks. 

Lol like come on - the justification of this blood lust by saying: ‚Äúnot a refugee camp‚Äù ‚Äúnot civilians but militants‚Äù in this SR is appalling and makes complete sense why the Israeli government represents the Israeli people."
1,30/11/2023 01:46:26,"If this were another country with functioning child services, those children would be taken from their families, and their parents would be charged with neglect.

Allowing your child to run around the streets during *a war* is gross negligence.

Allowing your child to confront soldiers of an opposing army is gross negligence.

Allowing your child to throw incendiary devices at soldiers of the opposing army during a war is *insanity*.

What the hell is wrong with these Palestinian ‚Äúparents‚Äù?"
1,30/11/2023 01:46:26,"What's the justification for Palestinians to send their children out to attack Israelis which puts their lives in danger?

This is one of the Palestinians who was killed by the way.

https://preview.redd.it/klqzmssf5e3c1.jpeg?width=960&format=pjpg&auto=webp&s=b30b6a18f3909e767ae77e4d5d38d925405d34cd"
1,30/11/2023 01:46:26,">But, I later found out that the organization is completely separate from Hamas, changing my view and making me see their reports as more trustworthy. This shift in understanding makes me reconsider my initial doubts and recognize the reliability of the organization's reporting.

Can't tell if this is earnest, or a Palestinian propaganda account trying the ol ""I'm unbiased, but I've been convinced that Palestine is right"" shtick. 

The Palestinian Health Administration is by no means an unbiased party in this conflict. Claiming they have no ties to Hamas is just lunacy or willful blindness."
1,30/11/2023 01:46:26,"ABSOLUTELY a MISREPRESENTATION!

If someone engages in a violent conflict with soldiers ANYWHERE in the world, and lights an object to throw,  they have 100% given the soldiers the predicate to shoot them dead.

This is not controversial. It is an absolute basic principle of armed conflict and the laws of use of force.  A lit projectile cannot be carefully assessed during conflict and must be assumed to carry potentially lethal impact thus authorizing lethal force to neutralize. 

Not a single army in the world trains to allow the device to be thrown.  This is irrespective of whether the thrower is a Jew, Muslim, Russian, Chinese citizen, Australian, Arab, 70 year old, 8 year old, male, female, gay, two spirit. It has NOTHING to do with the throwers identity.  It is an act of potentially le5hal force. 

And the ONLY REASON to throw a non lethal incendiary is to create the IMPRESSION that it is a lethal incendiary and provoke lethal forces. In other words, someone decided this child was worth more dead, than alive. 

Shame on their parents, their culture, their blame Israel only instigators, for throwing their own young away in order to create a negative PR hit for Israel. 

It's exactly as Golda Meir said half a century ago:

When peace comes we will perhaps in time be able to forgive the Arabs for killing our sons, but it will be harder for us to forgive them for having forced us to kill their sons. Peace will come when the Arabs will love their children more than they hate us.

Golda Meir,¬†A Land of Our Own"
1,30/11/2023 01:46:26,"War is hell. What else is there to say? 

Don't engage violently with soldiers in a hot spot while a country is at war, and you won't get shot by said soldiers. It's sad, and I feel bad for the soldiers who had to make that call and for the families impacted by the loss."
1,30/11/2023 01:46:26,"Unfortunately, a shooting kid sent by heartless adults to fight and kill can kill. I have no idea if this report is true, but the fact is that the palastinians put their children in the front of the soldiers to be killed and be used as propaganda since they believe that this action would send all the involved to heaven."
1,30/11/2023 01:46:26,"> While I do see one boy lighting what could be a fire-cracker, I do not believe that warrants him being shot at, and I do not understand why the 8-year-old had to die either.

We don't know the full situation, but if a soldier sees a child about to through an explosive on him, what should he do? Obviously shoot to disarm not to kill, but in combat it's very hard to do that accurately.

Of course I wouldn't want any of those kids to die, but if they were about to throw explosives the soldiers didn't have another choice"
1,30/11/2023 01:46:26,"Someone posted in another subreddit that the 8yo was standing behind the 12yo, which looked to light and throw something, and was shot by collateral damage. The kids running around were used as diversionary tools, this is all very cynical use of kids and aweful all around."
1,30/11/2023 01:46:26,"‚Äúcompletely separate‚Äú

Yeah, that‚Äôs why they forgot to mention the whole base under the hospital."
1,30/11/2023 01:46:26,I really would like to see these condemnations focused on the Palestinian adults that are recruiting children and putting weapons in their hands before sending them out to confront armed soldiers.
2,08/07/2023 14:02:44,"BTW I want to comment as a mod.  As a Palestinian poster you are doing a really excellent job in trying to keep this conversation focused and directed on your desired topic.  Good job!

(u/Distinct-Maybe719)"
2,08/07/2023 14:02:44,[removed]
2,08/07/2023 14:02:44,"First we have to establish what the goal of the operation was: to degrade the capability of the terror organisations in Jenin and ensure more freedom of operation for the IDF there.

Jenin has really become a hotbed for militancy, especially over the last year and a half, with there being a build up of capability in the city and also IED‚Äôs and whatnot being a threat which made it hard for the IDF to operate in the area. This operation focused on degrading the capabilities of the groups, which we saw with the destruction of command centres, an explosives laboratory, the seizure of explosive devices and other weapons. We also saw the IDF trying to clear IED‚Äôs from the area, which is what we saw them doing to the streets.

You have characterised the operation as some all-encompassing, indiscriminate attack, but every Palestinian killed was claimed as a terrorist by their respective groups. The operations do impact civilians, and that‚Äôs a terrible thing, but it‚Äôs the terror groups who choose to hide themselves amongst the civilian population, the onus for what happens next is on them"
2,08/07/2023 14:02:44,"Lots of comments already and you‚Äôre doing a great job responding to them all.  I‚Äôll just add my two cents, both from the perspective of an Israel supporter and, probably more importantly, from (non-IDF) military experience.

I think ‚Äútargeted‚Äù in this context means something very different than it would in ordinary English.  Urban warfare in a densely populated place like Jenin is so difficult and dangerous that it is hard to accurately describe in a way that will do it justice.  Any military‚Äôs priority is to accomplish the mission with minimum casualties ‚Äî meaning casualties on your side, not the other side.  Casualties on the other side should be minimized to the extent possible, but not at the risk of endangering our own side.  

So the ordinary military calculus for an operation like Jenin generally leads to one conclusion: aerial bombardment to eliminate targets at maximum distance and with the least risk to your own units.  In other words, flatten the place.  Israel could easily do so, and mission accomplished.

But Israel doesn‚Äôt want to do that for lots of political and genuinely held humanitarian reasons.  As a result, Israel fights the Palestinian militant organizations with both hands and one foot tied behind its back.  (To be clear, the US would not do this if it were in Israel‚Äôs position.)  Instead of flattening Jenin, the IDF went in with ground units supported by armor and some air support to take out specific targets.  This is an unbelievably risky thing to do, they didn‚Äôt have to do it, but it seems to have gone relatively well all things considered.  That there appear to have been only two non-combatant fatalities during the whole operation is nothing short of miraculous, in my opinion.

So anyways, ‚Äútargeted‚Äù is a relative term.  Was it ‚Äútargeted‚Äù in terms of impacting only the people actually responsible for terror attacks in Israel?  Definitely not.  Jenin is trashed and more than 100 people were injured.  But was it ‚Äútargeted‚Äù in terms of killing only the people Israel actually meant to kill?  Overwhelmingly yes, at least in comparison to any of the other strategic options Israel might have chosen."
2,08/07/2023 14:02:44,"We can't deny that the daily lives of Jenin's residents got affected by the operation. However, when more than 50 attacks launched from Jenin, plus the murder of Israeli civilians which also affected Israel and daily lives of its citizens - no one questioned the actions. No mainstream international media coverage. No criticism by the west (Please correct me if I am wrong). How can the attack not intrusive to Israelis? 

I hope the people who condemned the operation could also give suggestions on ways to do it differently with similar effectiveness. We are talking about an armed group who were pointing guns at them, and hiding weapons, explosives in public places such mosque to be used to kill Israeli civilians. The people who condemn the Israelis actions, their countries would do 10x worser if they face similar attack.

Lives lost are tragic, no matter it's Israeli or Palestinian. We can't talk about being fair when we ignore the attack and killing of Israeli civilians perpetrated by the armed group from Jenin."
2,08/07/2023 14:02:44,"Harboring terrorists, willfully or not, has consequences. In this case those consequences were property and infrastructure damage, and obviously dead terrorists.

Jenin refugee camp by no means meets the definition of neither a camp or refugees. It's a city with permanent concrete structures and infrastructure, and the people there are 3rd generation of those who are questionable refugees. Refugee status doesn't pass over generations.

A large part of the population in Jenin makes a living by working in israel with a work permit granted to them.

I dont like seeing anyone suffer, especially children, and I'm sure the vast majority of Israelis have the same sentiment. With that said, the Israeli government has a responsibility to protect its citizens. I do not see this operation as an intentional ""punishment"" to everyone in Jenin and the west bank. I'm glad there were no innocent civilian casualties. 

I think the citizens of the west bank need to start their own revolution and demand leadership that would actually look out for their best interest. Their best interest is NOT fighting forever, costing not only lives but keeping the Palestinians forever in a state of suffering in all aspects. This revolution will have casualties as all revolutions. I personally don't know of any country that was ever established in history without going through a revolution, war or another painful and violent event. A state is never handed to you, you need to fight for it, the only problem here is the Palestinians believe they need to fight israel when in fact they need to fight their own leadership. 

There is a clear correlation between IDF operations in the west bank and attacks spawned from there. For several years the west bank has been quiet, many areas there have thrived and prospered. The moment terrorists launch attacks is when the IDF has no choice but to take action."
2,08/07/2023 14:02:44,"I'm not Jewish or Israeli.

But it's completely the opposite as far as I can see. The operation in Jenin is extremely targeted.

There have been virtually no civilian deaths, and the need for this op was very clear given the wave of recent attacks against Israelis.  


If you have a better idea as to how the IDF should handle the issue in Jenin, let me know."
2,08/07/2023 14:02:44,"I don't have a specific opinion but most of your questions are fairly general. There are militant organizations operating in the camp with widespread popular support.  This Lions' Den organization being the new wild card.   These organizations have launched rockets and conducted attacks outside the camp.  So they do constitute an ongoing threat to life and limb of other persons.  That's the sort of thing a state is obligated to resolve. The PA has indicated it has lost control of Jenin Refugee Camp and is not able to maintain order there.

This creates 3 possible status for the residents of Jenin Refugee Camp that could apply depending on one's point of view: 

1.  They are subjects of Israel.  As such they have an obligation to compliance and in exchange get protections granted by Israel. 
2.  They are citizens of Palestine.  As such they have an obligation to active assist the PA in maintaining the rule of law.  As such they get a say in how to resolve the situation. 
3.  They reside in guerilla held territory as willing subjects if not citizens of whatever government of the Jenin Refugee Camp can plausibly claim the Lion's Den. 

(see https://www.reddit.com/r/IsraelPalestine/comments/12o5wod/citizens_vs_subject_obligations/)

(3) makes them responsible for the Lion's Den's actions. Their failure to meet their obligations under (2) is why the IDF was involved at all.  Their failure to meet their obligations under (1) is why Israel is allowed to treat the territory as hostile. 

So we have a situation of one military battling another military with the purpose of subduing it and conquering it.  That's pretty unpleasant to be on the losing side of.  As far as I can tell from the descriptions of the attack the Israelis appeared to mostly be doing things consistent with their military objectives.  They were tearing up roads the Lion's Den had mined, they shot infantry under Lion's Den command... That doesn't sound like anything other than what Israel is supposed to do in this situation. Before anyone comments I'll agree in advance that there probably were soldiers who made poor choices.  But my point is that the overall structure, that is what was decided at a state level, is consistent with Israel's obligations given the situation the residents of Jenin Refugee Camp presented them with.   

If the residents of Jenin Refugee Camp don't want to face the IDF then they need to come into compliance with Israeli law.   For police to operate successfully they need some level of community support.  The alternative to police is not self rule, it is facing a military.  The definition of a government is the entity that has established a monopoly on final force.  Israel has that monopoly. The Lion's Den challenged that monopoly unsuccessfully.  This isn't a complex issue."
2,08/07/2023 14:02:44,">civilians likely did die (considering the handful of children who were killed)

It's worth noting that ""children"" (meaning, people below the age of 18) being killed does not mean that civilians were killed, Not every person below the age of 18 is a civilian.

Some of the confirmed militants were 16 and 17; those are the ""dead children"" you hear about.

Palestine uses child soldiers. I wish they didn't have to die, but when an armed person poses a threat, they should be killed regardless of their age.

For example here in the US, where there are many school shootings, the shooters are often children themselves, and they often need to be killed by the police. It is correct for the police to do this. After police successfully stop a school shooting, I don't hear people complaining about that."
2,08/07/2023 14:02:44,"*At this pointI am curious about how supporters of Israel continue to support this while claiming defense.*

Jenin is a **city** with more than 50.000 residents, density populated. **The camp area was full of militias storing weapons, ammunition, and other devices. T**hey were creating a safe place in the West Bank to launch attacks on Israel. The area was also surrounded by IEDs.  If you don't believe it even they showed off their ""power"" in many videos and posts. Considering the magnitude of the Operation it was a big success. The militants were caught by surprise, many weapons were confiscated and the material damage was not so big. Normally we see the same photos of the streets cleared of explosives that give you the sense of ""total destruction"".  Among the 12 Palestinian fatalities (**something that is not to celebrate**) almost all of them were members of Hamas and Islamic Jihad.

So, considering all I have said the Operation was a great military and political success. Israel has prove that it can act with restraint to preserve its security. Also, there is a **strong message to the PA: If you can't control your territory, deal with the consequences.**"
3,06/07/2023 03:19:36,"Between this NYT piece and the BBC anchor accusing Israelis of Happily killing children, it seems there is a concerted effort by western media outlets to normalize Palestinian use of child soldiers."
3,06/07/2023 03:19:36,"10/12 killed were confirmed militants, with another one being buried in a Fatah flag, only one had unclear circumstances. It‚Äôs a far better narrative to just say that Israel kills children and other innocent Palestinians, even if it doesn‚Äôt correspond to reality 

[source](https://twitter.com/joetruzman/status/1676762956980428801?)"
3,06/07/2023 03:19:36,"That's interesting, I hadn't actually heard that. It's sickening the lengths terrorists will go to in their efforts to demonize Israel. This is Pallywood at it's most extreme: actually getting children killed to increase their numbers of ""innocent bystanders"" killed by IDF."
3,06/07/2023 03:19:36,">  the battle over UNRWA school curricula and (2) Martyrs Fund and its role in the Palestinian economy.

Both of these factors are irrelevant. Mostly because Palestinians, including Palestinian youth have been fighting against the IDF and Zionists (and often dying) well prior to the Martyr's fund becoming a thing, before the UNRWA school curriculum was established and before any possible actual impact from UNRWA after a certain period of time could have happened. I've yet to read the article but from the way you framed it NYT seems more-or-less correct here."
3,06/07/2023 03:19:36,How about the third factor: Israel and IDF violence?
3,06/07/2023 03:19:36,">  it seems there is a concerted effort by western media outlets to normalize Palestinian use of child soldiers.

Seriously? The BBC already apologised for that. Don't make ridiculous claims, please. Reactive hyperbole helps no one."
3,06/07/2023 03:19:36,12 of 12 confirmed militants
3,06/07/2023 03:19:36,[All 12 of 12 slain Palestinians were terrorists.](https://www.timesofisrael.com/idf-set-clear-goals-for-jenin-operation-though-any-actual-impact-remains-to-be-seen/)
3,06/07/2023 03:19:36,"Imagine if the weekly if not daily mass shooting events in the US were actually facilitated by the government.  Like they offered free bullets to anyone who wanted to be an active shooter.  Or the NRA Legal Defense Fund would defend in his death penalty case any accused mass killer who survived, because the rights of the public to free access to firearms was more important than occasional harms and inconvenience from mass shootings.  Or that the mass shootings were praised by the President because they were the last thing standing between patriots and antifa.

And then someone writes an article about ‚Äúwhy are youth committing kamikaze attacks‚Äù and doesn‚Äôt make reference to the official promulgation of these values and incentives by schools and government.  

So you say Arabs have been killing Jews and vice versa in Palestine for 100 years at least nothing to see here.

The Times would certainly write about this official indoctrination and not the typical colonialist pap if they were writing about, say, Iran or North Korea and not the precious, innocent Palestinians."
3,06/07/2023 03:19:36,If both the martyrs fund and school curriculum are irrelevant that means it's a cultural issue. Lots of people try to excuse the use of child soldiers by shifting the blame to Israel but ignore that there are plenty of other conflicts in which this doesn't happen. As such it's safe to say that Palestinians sending their children to die is something they themselves celebrate and encourage rather than an act that is forced upon them.
4,18/03/2023 00:32:14,"Original post for anyone who still want to discuss the issue

 

>I did some research and concluded that the two men Israel targeted and killed in Jenin were not high-ranking members of Palestinian Islamic Jihad (PIJ) or Hamas. The man claimed by PIJ were 28-year-old Nidal Khazem. This is the man videos show Israelis [shooting in the head](https://electronicintifada.net/blogs/maureen-clare-murphy/israeli-death-squad-kills-four-jenin) while he lays motionless on the ground. Nidal lived in Jenin, was single, studied mechatronics in university, and loved motorbikes.  
>  
>Nidal frequently posted on [Facebook](https://www.facebook.com/profile.php?id=100088503610866) and [Instagram](https://www.instagram.com/nidal.khazem/) and did not keep a low profile. He even appeared on [national news last year](https://twitter.com/qudsn/status/1575583893981372418). He also loved posing with guns and published dozens of photos of him doing that. According to Zionists, [this is evidence of him being a terrorist](https://twitter.com/TheMossadIL/status/1636479589600964613). [Montages featuring Nidal](https://twitter.com/Anas_A_Aljamal/status/1636382592751763458) published by the PIJ all use photos from his open Facebook profile.  
>  
>So let's think. This 28-year-old is apparently a ""senior commander"" in PIJ but dumb enough to pose with weapons and not cover his identity. Wouldn't it be smarter for a high-ranking PIJ militant to keep a low profile rather than to speak to the media at every opportunity? Wouldn't someone like Nidal be a huge liability to an actual underground militia?  
>  
>Why would the PIJ state that he was a senior member? As a courtesy to the grieving family. Better for them to hear that he was someone rather than just an unlucky guy posing with guns. And why would Shin Bet state assassinate two Palestinians who were not ""senior"" in any way shape or form? Because the blood-thirsty Israeli public demands revenge? Because some gung-ho Israeli men really really wanted to pretend they were Rambo? Maybe both? We don't know."
4,18/03/2023 00:32:14,"Dude‚Ä¶ respectfully‚Ä¶ you make it really clear in this post that you‚Äôre not well-versed in this stuff. ‚ÄúWouldn‚Äôt it be smarter‚Ä¶ he‚Äôs too young‚Ä¶‚Äù that‚Äôs not how any of this works. You really think you can look at someone in the PIJ and go ‚Äúwell I wouldn‚Äôt have done that so he wouldn‚Äôt do that either!!!‚Äù Like, stop. It‚Äôs okay. It‚Äôs okay to not know stuff but be honest with yourself about what you don‚Äôt know."
4,18/03/2023 00:32:14,"So basically Israel‚Äôs security forces and PIJ conspired to give cover for Israel‚Äôs killing of a random Palestinian dude (while risking lives of its soldiers) for no good reason whatsoever. 

That‚Äôs an inevitable conclusion you arrived to by reading his FB profile. 

Did I get everything right?"
4,18/03/2023 00:32:14,"Okay but listen I have an equally good theory, really just paraphrasing you mostly:

Jews are space lizards ü¶é blood thirsty and all, pretending to be Rambo. Palestinians never mean what they say or say what they mean because they haven‚Äôt fallen down the rabbit hole yet (Alice in wonderland reference, just keep going), so we must ascribe the best of intentions to them and the worst to Jews because, you know, JEWS. 
Right? 

/s but sadly also not"
4,18/03/2023 00:32:14,"So...your theory is that this particular random Palestinian 'bystander' out of the dozens of bystander casualties in a given year was randomly selected by PIJ to be posthumously 'honored' as a commander--a strange sort of 'honor' to undoubtedly bring suspicion and surveillance on all his family and friends for years to follow--and that a bunch of psychotically bloodthirsty Israelis decided that the easiest way to get their jollies killing Palestinians would be to undertake an insanely dangerous undercover Musta'arabi mission into the heart of one of the most hostile cities in the West Bank? 

And your evidence for this conspiracy theory that, even if Israelis were the Jack the Rippers you fantasize about them being, would require a dozen different people to be taking strong shots of idiot juice is that the 'militant leader' took the wholly unprecedented act of building a public persona among the people he purports to be fighting for?"
4,18/03/2023 00:32:14,"You get A+ for mentsl gymnastics.

I'll take the IDFs and Shinbet massive intelligence system over some random who is sitting at home on his phone ""researching"" any time."
4,18/03/2023 00:32:14,"Why does the age mean that he can‚Äôt be a senior commander? 

I know that in many militaries, a 28 year old can‚Äôt be very high up, since there is a formal system for moving through ranks, and there is a minimum amount of time to spend at each rank. But the system is probably less formal for terrorists. Also if they join as teenagers, they have more time in the organization. 

And yes it‚Äôs stupid to pose with weapons. A smart person would indeed keep a low profile. But these terrorists aren‚Äôt known for being the most intelligent people."
4,18/03/2023 00:32:14,"Outside of pure speculation based on a desire to exonerate Khazem and demonise Israel, let‚Äôs focus on what we know:

1) Khazem regularly posed with weapons.

2) A highly specialised ISF unit conducted a high risk mission in the middle of Jenin in order to assassinate him. 

3) Shin Bet claimed he was involved in ‚Äúsignificant terrorist activity‚Äù.

4) PIJ lionised him, calling him a field commander in their Jenin Brigade.

In order for your theory to be true, we must accept the following: 

1) PIJ lied about their claiming of Khazem as a member.

2) Shin Bet lied about their intelligence assessment.

3) Israel authorised a high risk mission involving specialist underover operators to assassinate someone on the basis that they had some guns on Facebook.


On a preponderance of the evidence, it is not likely that the necessary assumptions required for your theory to be true. You would need to establish that:

- Shin Bet deliberately publishes false intelligence assessments.

- PIJ claims people as members (in this case senior member) without it being the case.

- Israel greenlights these operations based on essentially nothing.

None of this has been established here."
4,18/03/2023 00:32:14," Nidal Khazem. is the cousin of Raed Khazem.  Raed Khazem killed 2 or 3 (depending on how you count) Israelis in Tel Aviv and escaped. When he was killed in April it was known there were family connections. Abdelrahman Khazem, Raed's brother has also been killed.  And BTW Hamas confirmed Raed and Abdelrahman had worked with them in their eulogies. 

No this wasn't random. It is what the IDF said,  Nidal was wanted and when found deliberately terminated."
4,18/03/2023 00:32:14,How did he get an m4 with a sniper scope though?  And a vest too?
5,21/05/2022 09:16:31,What? You mean they aren't all just innocent civilians? /s
5,21/05/2022 09:16:31,"I don‚Äôt know if they wen‚Äôt back an changed the article after more information came out, but the AP article does call him a militant."
5,21/05/2022 09:16:31,Good thing they're honest
5,21/05/2022 09:16:31,"Here's another related one ([Source](https://palwatch.org/page/31507)):

Israeli PM Bennett

>‚ÄúThe instructions are clear ‚Äì to harm **terrorists** wherever they are‚Äù

PA version:

>Bennett called ‚Äúon his occupation army to murder and abuse **Palestinian people** at their free will,‚Äù ‚ÄúBennett instructs the occupation army to use excessive force against **the Palestinians** wherever they are!‚Äù  


It's because the PA & others don't share the same definition of terrorism or terrorists"
5,21/05/2022 09:16:31,"Also palestinians:
There is no evidence Hamas uses civilians as shields, trains kids to be militants, and fakes casualties."
5,21/05/2022 09:16:31,"Kid had a gun and held it proudly in a picture,those ""kids"" that the idf kills are almost *legally* grown men that decide to let hatred take over them
Idf doesn't kill kids they kill terrorists"
5,21/05/2022 09:16:31,Next year they will mourn in his memory an alternative remembrance day ceremony to be held mainly by Israel's delusional left.
5,21/05/2022 09:16:31,So surprising‚Ä¶
5,21/05/2022 09:16:31,Israel is my favorite country I hope nothing ever bad happens in Israel
5,21/05/2022 09:16:31,[deleted]
6,28/01/2023 16:54:34,"> Is the assumption then that the IDF carries out assasination missions for the sake of terrorising the Palestinian population? 
> If not, why do you think they entered Jenin at all?

As far as I understand it the IDF entered the refugee camp in the first place to raid a PIJ cell operating out of there, I've seen some people say that there's 'video evidence' of this, so if someone has that (or any other form of evidence that I couldn't find) and could link it that would be great. 

I didn't look into the clashes in detail at all but I seriously doubt the IDF just waltzed in there to kill Palestinians for no reason and leave, there seems to have been an actual military target there and the Palestinians in the camp attempting to secure it were armed and were firing which eventually lead to at least one civilian getting killed in the crossfire. If any of this is wrong I'd like to be corrected but based on this I wouldn't say this specific operation was meant to terrorize Palestinians like you were talking about (even though many other Israeli policies/operations in the West Bank are) or that this should be compared to a mass shooter killing civilians at their place of worship. 

In essence there are a lot of things that are wrong with Israel's administration of the West bank and it's treatment of Palestinians there but this specific operation in question should not be compared to the hate crime in Jerusalem. They're certainly connected but not on the same level or equivalent at all really. Largely because one included the deliberate targeting of civilians and the other (as far as I can tell) did not."
6,28/01/2023 16:54:34,">a lot of posters here have been arguing that is a direct result of the deaths in Jenin. 

&#x200B;

&#x200B;

**Violations of LOAC by one party to a conflict may not justify violations by another** \- [LOAC](https://www.genevacall.org/wp-content/uploads/dlm_uploads/2013/11/The-Law-of-Armed-Conflict.pdf)

So the entire argument that \_\_\_ was in response to \_\_\_ is moot (irrelevant)"
6,28/01/2023 16:54:34,"The IDF (and other law enforcement) goes into Jenin for the same reason they have mounted these counter-insurgency operations since the days the doctrine was first set out by Orde Wingate‚Äôs supernumerary police during the Arab Revolt and later Palmach/IDF paratrooper doctrine to go behind enemy lines so to speak and try to eliminate terror cells and their threat before they can deploy, based on good intelligence, mostly humint double agents and spies.

Enforcement in Jenin and other gang hotspots like Nablus and Hebron was really stepped up in 2022 and there is going to be back and forth reprisals and reaction for a while."
6,28/01/2023 16:54:34,"I‚Äôm sure the IDF entered Jenin for reasons other than simply killing Palestinians, but let‚Äôs not pretend they value the lives of Israelis the same way they value the lives of Palestinians, especially the ones that get out on the front lines, that‚Äôs a naive assumption at best"
6,28/01/2023 16:54:34,"I feel like that's at some level besides the point for many involved. Under international law the ""assassination missions"" as you call them that take place on occupier land are illegal. It's no different than what western powers have done all over the middle east. Acting as judge jury and executionary in territories outside their legal bounds. I don't think Israel or any nation state or group of people should hold that much power over other people or their own. While they do tho it should be held to the highest level of scrutiny. That's obviously not to say the attack on a synagogue is also illegal and morally atrocious and I don't support that. Resistance acceptable through the framework of international law is another story."
6,28/01/2023 16:54:34,"Here's the thing: we don't need to guess. 

From Vox: ""Israel said the site of the raid housed a terrorist cell of the Islamic Jihad group.""

So, it was a routine raid ending in 10 dead and 20 wounded. 

I'd be remiss without pointing out...

""More than one Palestinian has been killed a day on average in the [**first month**](https://www.aljazeera.com/news/2023/1/26/why-israeli-raids-killed-many-palestinians-this-year-explainer) of 2023, on track to double the tragic rate of lethal violence in the occupied West Bank last year ‚Äî which was already the [**highest on record**](https://www.washingtonpost.com/world/2022/12/29/palestinians-killed-west-bank-israel/) since the United Nations began collecting this data, and double that of 2021.""

So if perhaps this specific raid was self defense on Israel's part, are we sure the rest of Israel's actions are? I'm pretty certain these actions are what's driving people to terror actions."
6,28/01/2023 16:54:34,"It's chicken and egg. IMO, Israel's governments listen to generals who aren't trained to nor inclined to deal with violence with anything other than violence. I'm not saying armed response is never right, but when your armed response leads to counter armed response and a deadly cycle ensues, the result is the opposite of the declared reason for armed response - to stop violence. The IDF and the spokes people will always say that they acted on intelligence, sopped a ticking bomb and killed terrorists. Whether you believe them or not depends a lot on your orientation towards the Israeli Arab conflict."
6,28/01/2023 16:54:34,They entered Jenin with the intent of murdering Palestinians who dare resist the occupation of and erasure of the Palestinian state. As well as any civilians who happened to be there at the time.
6,28/01/2023 16:54:34,This Israeli assault against the Jenin refugee camp is an extension of Israel's deliberate pattern of conduct that publicly commits to carry out international crimes to advance its annexationists policies and practices.
6,28/01/2023 16:54:34,"The IDF enter jenin to arrest and kill terrorists 
Other missions include raiding houses full of illegal ammunition 
Some missions sadly involve gun fights between Israeli forces and terrorists 
Crossfire might happen and innocent people can die but like every war innocent people can lose their life of course it's not intentional from the Israeli side but the Palestinian side targets civilians"
7,19/11/2020 17:17:44,"
>Yassar Arafat for one knew it wasn‚Äôt a massacre. He spoke in Jenin afterwards, saying, ‚ÄúPeople of Jenin, all the citizens of Jenin and the refugee camp, this is Jenin-grad. Your battle has paved the way to the liberation of the occupied territories‚Äù. After investigating, even HRW and AI, no friends of Israel, agreed there was no massacre along with the United Nations, Time magazine, and the BBC. The only people saying that it was a massacre are your friendly local Palestine supporters over a decade after the event.

Can you cite this for us?"
7,19/11/2020 17:17:44,If your going to quote Human Rights watch then read the whole thing it also says the IDF used Palestinian as human shields. https://www.hrw.org/news/2002/05/02/israel/occupied-territories-jenin-war-crimes-investigation-needed#
7,19/11/2020 17:17:44,"An Arab filmmaker made a ‚Äúdocumentary‚Äù about this movie where he interviewed ‚Äúeyewitnesses‚Äù who made dramatic claims about Israeli soldiers shooting at hospital patients and generally targeting civilians. The claims made by the directors and eyewitnesses were all false, but to this day the director won‚Äôt retract or apologize for defaming the IDF and the Israeli people. 
The unreliability of ‚Äúeyewitnesses‚Äù in claims of war crimes has been a subject that got a lot of attention in Israel after several testimonies by ‚ÄúBreaking the Silence‚Äù were proven to be false."
7,19/11/2020 17:17:44,"If you put Deir Yassin massacre in quotations, you simply have no credibility."
7,19/11/2020 17:17:44,"For someone who claims to be ""reasonably educated on the I/P conflict"" you sure are good at promoting s one-sided narrative and espousing whataboutism."
7,19/11/2020 17:17:44,"Definetly a ""massacre"", but it was essentially a mini stalingrad. The pictures show the entire place razed"
7,19/11/2020 17:17:44,"This was a very well-written, concise, and documented read. Thank you for sharing. I haven't researched too much about the I/P conflict but boy does it seem complex."
7,19/11/2020 17:17:44,"Yes, you can see the Washington Times for the Arafat quote. 

https://www.washingtontimes.com/news/2002/may/14/20020514-024738-2328r/"
7,19/11/2020 17:17:44,"Human Rights Watch is so biased against Israel [its own founder took to the pages of the New York Times to say so.](https://www.nytimes.com/2009/10/20/opinion/20bernstein.html?_r=1&em) I don't consider them a reliable source, but when they're right, they're right."
7,19/11/2020 17:17:44,Sounds like you should read [my post](https://old.reddit.com/r/IsraelPalestine/comments/8nib52/the_myth_of_a_massacre_at_deir_yassin/) about it then. Those short version is Deir Yassin was a battle like any other.
8,13/05/2022 17:16:18,"The wave of attacks on civilians has been especially brutal and decentralized. (The horrible eye witness accounts of the Elad attack were particularly upsetting.) It creates a near-impossible situation the Israelis are forced to address (how do you defend against a sucker punch? It‚Äôs called a sucker punch for a reason), and detain/arrest operations make sense, assuming those arrested were sought with probable cause and get a fair trial in which they are represented by someone who has access to the evidence. 

The difficulty is, they are viable military targets operating in unbelievably hostile territory, many times in broad daylight. Part of their risk calculus is, it could be necessary, for the lives of the operations team members, to use lethal force against people who don‚Äôt pose an immediate active threat to their lives, but who could still get them killed. 

(Example of what I mean: I believe an Israeli sniper was watching the intersection where Abu Aqleh was killed, because had a crowd gathered there and blocked the intersection with vehicles, the Israelis‚Äô only available exit point becomes sealed off, and then they‚Äôre sitting ducks in a deadly position where even more lives are lost. I also believe it‚Äôs possible that the decision to fire was made so quickly that it wasn‚Äôt apparent to him that it was a journalist on the other end until it was too late.)

I don‚Äôt have a good answer. Just throwing out the $0.02 that it‚Äôs possible to have a general understanding and support of Israel and their difficult position, yet still observe their tactical decision making and risk tolerance with a critical eye."
8,13/05/2022 17:16:18,"At some point if escalation continues (which it likely will) I could see Israel starting another operation similar to [Defensive Shield](https://en.wikipedia.org/wiki/Operation_Defensive_Shield) in the West Bank to cull the number of terrorists and their ability to carry out attacks. Just like how Gaza needs to be bombed occasionally to reduce the capabilities of Hamas, the same needs to be done (but less often) in the West Bank to control groups such as the PIJ. It's been 20 years since the last operation so I see us revisiting that option in the near future."
8,13/05/2022 17:16:18,"https://apple.news/AmwO0GmvKOQSWVK4BlRUyrg
Additionally, under the Oslo accords, the PA has a responsibility to disband terrorist groups within that region, which they have not been fulfilling."
8,13/05/2022 17:16:18,Because that's where PIJ is
8,13/05/2022 17:16:18,"Because people love blaming the ~~Jews~~ Zionists.
No matter how many people are killed and on which side, people are being killed. For us, Israelis, each person killed is a great pain, in Hebrew we say ""◊õ◊ú ◊ê◊ì◊ù ◊î◊ï◊ê ◊¢◊ï◊ú◊ù ◊ï◊û◊ú◊ï◊ê◊ï"".
So when Israeli civillians are being killed, you can expect our army to operate in the place the terrorists came from, because when our people are killed, there's no way we are going to be silent about it."
8,13/05/2022 17:16:18,One thing that most people keep forgetting about is that Palestinians are poor. Both the Palestinian authority and Israeli government are making it even worse for them and Palestinians are hitting the point where they have nothing to lose and don't care about anything in the world
8,13/05/2022 17:16:18,And 50 something Palestinians‚Ä¶
8,13/05/2022 17:16:18,Free Palestinian from the hands of Israeli terrorists. May god protect the Palestinian people against the idf terrorists
8,13/05/2022 17:16:18,"RIP to them.

883 is the amount of JUST Palestinian women and little girls killed since 2008.

268 is the TOTAL numbers of ALL Israelis killed since 2008."
8,13/05/2022 17:16:18,"Idk how people can stand behind and support such a disgusting country full of terrorists. Idf soldiers I. My option earned a gold medal in terrorism. They should be the teachers of all other terrorist organizations. How can you get massacred by Germany and do the same thing to the Palestinians a few years later then want people to cry for you like a victim! Like no israel is just as bad as Germany was in world war 2 just not on their scale. They are more low key with a steady pace and like to pull out the victim card all the time . SMH disgusting country
People are just mad the truth is spoken üòÇ"
9,31/01/2023 07:36:24,"It's all over the place. I can't tell you how many times I've seen the media report Israel's killing of ""Palestinians"" and you have to dig down into the article to find that almost all of them were terrorists, if they even report it. I've engaged with people on Twitter who refuse to identify them as terrorists despite the fact that Hamas and Islamic Jihad both admitted it.

The mental gymnastics people go through to draw the moral equivalence is dizzying. Everything from calling the terrorists ""innocent people fighting occupation"" to claiming that all Jews in Israel are fair game because they're all illegally occupying someone else's land. It's sad and terrifying that so many people have completely lost their moral compasses. They read about 8 civilians murdered coming out of a house of worship and think, ""Meh, they got what they deserve."""
9,31/01/2023 07:36:24,"most middle east reporters in the media are Arabs, tbh"
9,31/01/2023 07:36:24,"I wish media would learn to use ""fedayeen"" to make the distinction."
9,31/01/2023 07:36:24,"Not all of them were gunmans, and our media doesn‚Äôt state how many weren‚Äôt. Our media leave out any details about that, can you tell me the name of ANY Palestinian who was killed or got hurt by the IDF? Or in any internal gang wars? I never been to Jenin, thank god, and I hope I never will, this is crowded place, with barely any electricity, sewers or sanitation. People who live there lost all hope and are likely to hate us, but many civilians will get in the crossfire whenever there‚Äôs a military operation there, pretending like there are no civilian casualty is just plain ignorance.

And the responsibility for that, weather you like it or not is also on the IDF and  Israeli side. The solution for that place is not more force and fear, it‚Äôs 2 states solution where the IDF and Israel won‚Äôt be responsible for that place."
9,31/01/2023 07:36:24,"Because all of the comments seem to be from the pro-Israel side, and while that would apply to me, I can assume the argument on the other side is like this (don't downvote me just because you disagree with this, I'm trying to provide balance, which is the point of this subreddit):

1. When Israel arrests Palestinians, it is often to hold them indefinitely without trial, torture them to obtain information, and leave them in degrading conditions. Given this (and I don't think this is really disputed), are the Jenin gunmen wrong to prevent the IDF from arresting their brothers?

2. The terroristic activity in Jenin is not terrorism, but resistance, and Israel cannot occupy and then not be to blame for the natural resistance the occupy creates.

Therefore, while moral equivalence is wrong, the anti-Israel side sees them as closer moally than the pro-Israel side accepts."
9,31/01/2023 07:36:24,"I'm not comparing a military action against armed hostiles to a terrorist attack on unarmed worshipers. But how do you know the 9 people (10 incidentally) who were killed in Jenin were all armed? The IDF said so? And do you know for a fact that none of the worshipers in that synagogue participated in violent actions against Arabs in East Jerusalem? We only know what the people controlling our side of the narrative want us to know. Sadly, they don't always tell us the truth, the whole truth and nothing but."
9,31/01/2023 07:36:24,[removed]
9,31/01/2023 07:36:24,you really like playing devils advocate dont you?
9,31/01/2023 07:36:24,Thats not going to help. A western leftist would read that and lament the massacre of all those sweet cheese people.
9,31/01/2023 07:36:24,It states exactly how many werent. The woman.
10,06/07/2023 03:31:03,"Let me get this straight. The Palestinians want the PA to protect terror cells and gangs from IDF and police incursions, that‚Äôs what the public wants?"
10,06/07/2023 03:31:03,"So lemme get this right. City that is a hotbed of radical Islamism that hasn‚Äôt been under PA control for years, doesn‚Äôt like the PA?

And this is the city that‚Äôs going to what‚Ä¶ not like the PA more for being undermined by Israel?

This pro-pally logic is like complaining why the second left shoe won‚Äôt go on your right leg."
10,06/07/2023 03:31:03,"I agree that the raids are, to an extent at least, revealing that the emperor has no clothes with respect to the PA. But that isn't something that only suddenly developed in the past few days; it's been pretty obvious for years at this point that the PA cannot maintain a monopoly on the legitimate use of force even within the territory it is theoretically responsible for and only when dealing with Hamas and dissident militants. At this point, the only thing keeping the West Bank from disintegrating into a nasty three-way civil war between the PA and its loyalists, Hamas and other dissident groups, and settler militias is Tzahal, and after a certain point maintaining the facade of non-involvement is no longer worth the costs to Israel's domestic security and the safety of Israeli citizens."
10,06/07/2023 03:31:03,"It‚Äôs really simple - don‚Äôt carry out or plot attacks against Israelis, & there will not be any raids in Jenin. 

I actually really agree with most of your comment below OP - Palestinians have much more to gain from de-escalation. You are correct in that this is an ‚Äúeye for an eye‚Äù conflict, whereby we will always be asking one another some form of ‚Äúwhat came first? The chicken or the egg?‚Äù."
10,06/07/2023 03:31:03,"I believe raids like these that grab a wide audience are important in maintaining the idea that there is no where to hide if you are an enemy of Israel. This operation imo was 100% justified in that it has helped the Israeli intelligence grab valuable information through the capture of 300 of the terrorists within jenin. I‚Äôm not sure if others agree, but I think this was an important and vital step in combating terrorist groups and allowing them not an inch of space to operate even in areas which they obviously considered safe. In contrast, this operation might have also been a distraction by the Netanyahu Government to try and bring attention away from the protests and their overstepping of the judicial system"
10,06/07/2023 03:31:03,"The killing will stop only after the world ends bankrolling Palestinian terrorists. Unfortunately that's outside of Israeli control. All Israel can do is defend herself.

&#x200B;

Iran is funding terrorists by providing weapons and paying terrorists stipends. 

&#x200B;

Take out weapons + take out terrorists = stop violence"
10,06/07/2023 03:31:03,">The IDF‚Äôs undermining of the PA 

The PA has been considered corrupt and ""Zionist tainted"" for years or decades now and has nothing to do with the actions of Israel or IDF.

>Don‚Äôt they increase hostility b/w Arab and Israeli populations in Israel? 

No, the hostility is a century old and has nothing to do with settlements, land or retaliatory attacks. Those are just excuses.

>What does Israel really gain from these incursions. 

You tell me. What do you think or know about the subject? Look through the eyes of Israel/Israelis, answer and I'll correct your answer."
10,06/07/2023 03:31:03,"I mean, you ask questions about why Israel needs to fight terror nests inside the palestinian populous? Why should any sovereign country fight illegal activity within its borders? Let's just let people do what they want and don't care if anyone gets hurt.

I have seen what you write in response when people give the answers you don't want to hear, so why ask the questions? 

If you think that jewish citizens just die when other people in the country stab them, shoot them,ram them with a car, explode near them, shoot missiles at them, and for them to just accept that and that the state should just accept that then you just want what most of the pro palestinian people in this thread wants:

""jew begone and everything will be better""."
10,06/07/2023 03:31:03,"The IDF and Israeli government work (presumably at least) independently of what is best for the PA. The tension and Palestinian boldness from the WB have crossed a point that they should not have even come near to. 

> What does Israel really gain from these incursions. 

For starters that is dependent of the Palestinian actions, Jenin could be the start or finish of the persecution of militants. Also as of now, the Jenin brigades lost a lot of their ammunition and a few of their fighters which means the next entering to Jenin should be smother for the IDF.

> As the death toll rises armed groups gain more soldiers and the Palestinians see the occupation as more and more intolerable. 

I'd say that as the Palestinian armed groups gain more power and soldiers the IDF would grow more intolerant and the death toll would rise."
10,06/07/2023 03:31:03,Palestinians want Hamas PIJ and Iran? Give it to them. Rip off the bandaid. Or we can keep funneling money to Abbas to extend the mansion and keep the old Fatah fat cats happy. This is their State to be. This is it.
11,23/11/2022 22:25:05,"His father says he was murdered, his father "" 20 armed terrorists came and I have seen in my own eyes how they disconnected him from machines while he had pulse"""
11,23/11/2022 22:25:05,"Why do people keep saying a body was snatched- he was alive, they disconnected him from life support, he was dying as they kidnapped him."
11,23/11/2022 22:25:05,"I've seen several things related to this on Twitter, not the most reliable source but here goes:

* The body was returned (PA got involved). This was published in reliable news sources ([Hebrew](https://www.ynet.co.il/news/article/rkepgy2lo#autoplay)) (outside of Twitter)
* Videos from yesterday night claiming that the Druze kidnapped a Palestinian
* Image from yesterday claiming that the Druze will not be able to control the youth and that there are lots of Palestinian workers coming to work in Druze villages. Those do not have responsibility for the event (blah blah blah basically return the body)
* Another claim by Official sources along with the article about the body that was returned said that an hour before the kidnapping report, a report said that he died. Basically conflicting with the family report that he was killed by disconnecting him from life support or that the reporting they received were received in the wrong order (or incorrect)"
11,23/11/2022 22:25:05,">I think this link is wrong saying the guy was murdered because he apparently died in a car accident. Unfortunately, calling yourself press is no guarantee of actual Journalism.

He was murdered. He was on life support when he was in the hospital and died because he was taken off of it when he was captured (which is also stated in the article). The journalist used the correct word."
11,23/11/2022 22:25:05,Can someone please help me understand what motivated that gang to snatch this poor injured boy from the hospital? Was there some sort of feud between families or clans? I‚Äôve been scratching my head ever since I read about it.
11,23/11/2022 22:25:05,"Update: The Druze kidnapped some Palestinian laborers and filmed a video of them in which the Palestinian laborers say that if they don't release the body they will be killed.
The Palestinians surrendered and released the body.

Say what you will about this method, it seems to work and more effectively than many of the Israeli methods."
11,23/11/2022 22:25:05,"I used to think the death punishment for terrorists is a bad thing until yesterday, if palastinian terrorists and the palastinian leadership only understands violence I think we should start executing five palastinian prisoners convicted for terror  for each civilian palastinians kill , maybe that will teach them"
11,23/11/2022 22:25:05,"‚ÄúCrazy and complex‚Äù - I wouldn‚Äôt really say that, it‚Äôs just standard Palestinian Arab hatred at it again. 

It‚Äôs very simple really.

And for the record he was murdered, they took him off life support when they kidnapped him."
11,23/11/2022 22:25:05,What kind of low life you need to be to snatch a wounded dying person from his sick bed? I mean really who can honor such actions? What is heroic about that?
11,23/11/2022 22:25:05,Where are all the Palestinian propagandists? Did they all move to r/worldnews since the incidents 24 hours ago?
12,21/11/2023 04:03:18,One reason is that Qatar has donated a whopping $4.7 billion to universities in the United States. They have influence.
12,21/11/2023 04:03:18,"I think you will find the vast majority of Americans are not radical and are quite reasonable with respect to Israel-Palestine. Most Americans believe Israel has a right to exist. Like most situations, the loud enthusiastic minority is given disproportionate attention."
12,21/11/2023 04:03:18,"We haven't lost a state as powerful as Israel since WW1.   Let's say the IDF broke into dozen or so militias each one affiliated with some extremist group or acting as mercenaries for a middle eastern power.  Sort of like what happened to Libya's military.  Each one of those would be strong enough to take on an existing middle eastern government and likely win.  We are talking millions dead even after whatever shatters the IDF happens, which likely takes millions dead.  

It ain't Western college kids who are in those millions dead."
12,21/11/2023 04:03:18,We should send the Hamas supporting radicals to Hamas so they can live in Gaza with the people they support. They won‚Äôt last 10 seconds and it won‚Äôt be because of the IDF to say the least.
12,21/11/2023 04:03:18,It is common for people to become extremists in foreign countries. They see only ideals because they do not know reality.
12,21/11/2023 04:03:18,"It‚Äôs because they‚Äôve all been brainwashed. They think it‚Äôs a call for liberation and peace. Many take Hamas at their word and when they re-branded in 2017, they believed them and still do. They have been manipulated to only think in black and white. The oppressed versus the oppressor. They honestly think Hamas is a freedom fighting group. In reality, the people in this camp are sooo privileged that they don‚Äôt even understand why anyone needs to fight a war. They think everything can be worked out through words after a ceasefire. When in reality, they are only looking to assuage their own guilt because they don‚Äôt want to have to see people in Palestine to suffer anymore. The majority of the world doesn‚Äôt want this either. But they have no real solution other than to just stop fighting‚Ä¶"
12,21/11/2023 04:03:18,"I just want to be clear that I was of course totally on the side of Israel for several days. But then Netanyahu said something about turning Gaza into a desert or a gravesite... I don't think I ever got the absolute 100% correct translation. I was absolutely horrified.

Thank you for the information. I knew that there were intelligence reports but I have not been able to find anything that details what those intelligence reports actually said. That is truly and shockingly incomplete."
12,21/11/2023 04:03:18,"I've said this before, and I'll say it again: most western liberals do not mean ""Jewish ethnic cleansing"" when they use thus slogan. Most don't even mean ""one state solution"".

**Yes**, I know that the term originally meant ""From the river to the sea, Palestine will be Arab."" Most of these folks don't know that. 

**Yes**, I know that is still what a lot of folks in the Arab world mean when they use this phrase... but most of these folks don't know that.

**Yes**, I know that some of these people *do* mean that (e.g., as a form of 'decolonizarion')... but most don't. 

Fundamentally, the slogan doesn‚Äôt *sound* like it means that, particularly if you know very little about the history or geography of the region ... and most of these folks know very little."
12,21/11/2023 04:03:18,"The left has literally gone off the deep end. 

6 months ago they canceled Kanye for antisemitism. 

Today they cheer for hamas. 

It's LITERALLY a group of people with hysterical contradicting opinions based on fashionable ideology and virtue signaling. 

I've p much lost faith in humanity. People are doomed to repeat history."
12,21/11/2023 04:03:18,"Focusing too much on a slogan?


Focusing on actions would be better.
Does israel dislike the slogan because they don't want that thing they are doing to Palestinians to happen to them?"
13,14/05/2022 18:26:01,[deleted]
13,14/05/2022 18:26:01,"I would just like to add that the [police released the aerial](https://twitter.com/SussexFriends/status/1525138228701016065?s=20&t=NoHkndMD7eIeJ-A3VGzpTQ) (and other) footage of the attempt at riot (what AJ called police attacking mourners) and you can clearly see the rioters start throwing things at police before they move in.

Overall, this is another perfect example of 'militants' taking over and event and using for their own purposes."
13,14/05/2022 18:26:01,"So the people carrying the coffin went another way than what was agreed upon, and also started throwing rocks at police before the famous video of police attacking the mourners? Propaganda works both ways.."
13,14/05/2022 18:26:01,"Any march of partisans through the streets of Jerusalem, including a funeral procession, seems to have the potential to turn into a riot, if that was not indeed the intent of the demonstration.  We are not talking Macy‚Äôs Thanksgiving Day Parade or Gay Pride week here, folks.  And given the high profile and emotions around this event, that would seem to be more of a pretext for a riot than most.

So when a bunch of rando Muslim militants hijack the coffin intended by the family for a Christian burial with a hearse and decide to do an impromptu demonstration based on some supposed Muslim tradition of carrying the coffin, etc., what about this situation isn‚Äôt clear that it‚Äôs a publicity stunt setup for the authorities who can either allow a riot or clamp down hard on the rioters, no matter what the optics on You Tube and Twitter."
13,14/05/2022 18:26:01,"A mob hijacks a deceased lady‚Äôs casket during her funeral procession. 
The riot police respond and try to regain control of the situation. 
The mob responds by throwing rocks at the police and resisting the repossession of the the stolen body. 
The police don‚Äôt back down, as they attempt to make arrests of thieves and those disturbing the peace during a funeral procession‚Ä¶ 

You gotta feel terrible for the family, as if they hadn‚Äôt been through enough. 

It looks like cops being cops. Throw rocks at cops‚Ä¶ get hit with sticks (or worse). 
You can understand ‚Äúresistance‚Äù as a political tool regardless of where you stand, but wtf is this???
It looks like ruining a respectable woman‚Äôs being put to rest."
13,14/05/2022 18:26:01,"When I first saw this on Twitter I simply just replied ‚ÄúContext‚Äù out of curiosity, like I‚Äôm not going to let a picture tell me the whole story, but apparently tweeting ‚ÄúContext‚Äù was super controversial lol https://twitter.com/coldhard_crypto/status/1525409234833244160?s=21&t=Bpz1REdKWvgfjg2ZxVSllw"
13,14/05/2022 18:26:01,[deleted]
13,14/05/2022 18:26:01,"I've heard a testimony about the funeral.

The family, who is a part of a tiny Christian community, wanted to bury her in the Christian cemetery.
But then all of those activists (most Muslims) came and ""joined"" because of political reasons."
13,14/05/2022 18:26:01,"That's just a big fat lie; ""‚ÄúEveryone who was there was there to mourn Shireen. What‚Äôs this mob they‚Äôre talking about? And even if there were one or two, how many police do you need to deal with it? The whole story here is illogical and untrue,‚Äù he said. source: 

[https://www.timesofisrael.com/abu-aklehs-brother-slams-police-brutal-force-at-funeral-expresses-hope-for-peace/](https://www.timesofisrael.com/abu-aklehs-brother-slams-police-brutal-force-at-funeral-expresses-hope-for-peace/)"
13,14/05/2022 18:26:01,"The Palestinian terrorists never miss an opportunity to hijack, whether it‚Äôs an airplane filled with innocent passengers or a funeral from a mourning family, for their own genocidal and murderous purposes if they identify an opportunity to portray themselves as poor, mistreated, abused victims. Hell, they‚Äôve even hijacked ambulances taking their own wounded people to hospitals.üôÑ"
14,09/04/2022 19:47:50,"This is exactly what the terrorists want.  In a week the world will forget about the dead Jews and we will see protest on the streets of NYC, London, and Paris about the horrible restrictions Israel placed on sweet innocent Jenin Jenin."
14,09/04/2022 19:47:50,The worst part about it is that the Israeli government didn‚Äôt cancel the work permits of Jenin residents
14,09/04/2022 19:47:50,"While I understand the logic behind this decision, the counter point, to me, is that it's ridiculous to blame an entire country for the actions of a few.

Even if it's like, 5% of Palestinians that would, given the chance, take a gun and shoot an Israeli today, that's still 95% who wouldn't. Waving human rights at the Palestinian people and saying ""see? If only you didn't misbehave, you'd get what you're rightfully owed"" doesn't really strike me as a carrot and stick situation, more of a stick and larger stick situation.

Have some compassion, these people were born into a horrible  situation and now have to suffer due to someone who they don't even know and may even hate for what they've done."
14,09/04/2022 19:47:50,"> Israelis also were restricted from coming in

Are all Israelis not allowed to enter Jenin or just Arab-Israelis?"
14,09/04/2022 19:47:50,I mean. Why does Israel even allow Palestinians to enter Israel proper? Is the cheap labour worth the risk? Wall it all off with that fancy new fence.
14,09/04/2022 19:47:50,"> So here dear palestinian people, maybe if you really want peace with Israelis and ease of movement and more freedom try to not let a terrorist rip all your wishes and rights away in the first place!

This is a policy chosen by Israel. They were not forced to do this, indeed it would probably be a better strategy not to engage in this kind of collective punishment. But that would not please right wing jewish Israeli voters, so the government does this. 

So no, this is in Israel's hands. The terrorist attacks can certainly be blamed on the terrorists. But the blame for the oppressive reaction of the Israeli government rests **solely on the ministers themselves**. 

To say otherwise is highly dangerous, it allows a government to justify almost any policy that violates basic rights on the basis of ""blame it on the terrorists"". This is how the US justified the use of torture post 9-11. 

If the Bennet government started putting Palestinians in Jenin in internment camps, or stepping up its torture and detainment without trial policies (I almost typed ""started detaining people without trial"" then remembered Israel does this already...), or just demolished all of Jenin would you still say ""oh Israel isn't responsible, blame the Palestinians!"" ?"
14,09/04/2022 19:47:50,"Logic
Israeli-Arabs preventing from entering Jenin temporarily by the Israeli government- proof of apartheid

Israeli-Jews preventing from entering Jenin and subject to violence or lynch mobs if they do- not apartheid or discrminiation."
14,09/04/2022 19:47:50,[removed]
14,09/04/2022 19:47:50,"Most accusations of apartheid come from the different types of citizenship for different parts of Palestine. A clean, legally explicit example of apartheid"
14,09/04/2022 19:47:50,[removed]
15,19/09/2021 13:20:32,Because the reality is that life in an Israeli prison isn't that bad and not worth dying over when you know you could be eventually traded for the remains of a dead soldier
15,19/09/2021 13:20:32,Easier life as hero in israeli prison than fugitive in craphole and being chased by the idf
15,19/09/2021 13:20:32,"I think the whole incompetence, no plan, good disinformation.... had a lot to do with it.  But I'd also like to add the Battle of Jenin in 2002 to the mix.  This is one of the more interesting events in the 2nd Intifada as it started with a successful strategy by Islamic Jihad.  The result of the success in initially defending the camp was to transform the operation from less of a policing operation to more of a military operation.  For territory to be occupied it must be under the control of the hostile military, once Jenin was able to resist successfully it was no longer occupied but an area of active military hostilities.

Nothing good happened in 2002 to Jenin.  The destruction was much worse than it otherwise would have been.  The death toll much higher than it otherwise would have been.  They managed to kill 23 Israeli soldiers in exchange for enduring a rather major trauma. 

Jenin didn't have as long to setup as they did in 2002.  But having experienced that setting up 1100 IEDs didn't stop the Israelis, but rather forced them to be much more aggressive possibly changed the dynamic.  Military resistance is pointless."
15,19/09/2021 13:20:32,"In a word, incompetence"
15,19/09/2021 13:20:32,"Because the Israeli security service, Shin Bet, is good at what they do?  The minister of internal security, Bar Lev, actually lied on TV numerous times to mislead the terrorists because they know that these guys monitor Israeli TV.  They were monitoring these guys, created a raid, and surprised them.  They also probably had cooperation from the PA, who hates the fanatics as much as Israel does because they threaten Fatah.  Cooperation has improved with the new government, which is interested in strengthening the PA rather than undermining it.  Open lines of communication kept things calm-ish in the West Bank.

Everything was done professional and without loss of life, so it is the best that Israel could have hoped for.  It just goes to show that Israel goes out of its way to keep from escalating the situation."
15,19/09/2021 13:20:32,"Honestly, most people when they get shot at are scared shitless, no matter the country of origin. Some tounds fly over your head, and most people are likely to give up."
15,19/09/2021 13:20:32,"You don‚Äôt mess with Mossad. 

And life as a terrorist is pretty short"
15,19/09/2021 13:20:32,ü•≥ü•≥ü•≥ü•≥
15,19/09/2021 13:20:32,"I haven't been super close to this one, so there's always a risk I don't know all the facts, but I'm not sure why it *is* surprising. Plenty of fugitives are celebrated widely by people who would not be willing to lay down their lives to protect them -- that's not unique to this circumstance or to Palestinians at all.

It doesn't seem like the escape itself was carefully planned, or like there was any real plan for what to do after it -- whereas the Israeli security forces seem to have been organized and committed to getting them back."
15,19/09/2021 13:20:32,Israeli prison is pretty much hotels for them so being captured isn‚Äôt a real threat
16,26/10/2023 09:35:19,"There is no need to change Hamas to ISIS.

And yes, almost no one with more than two brain cells believes what Hamas is saying about the number of civilian and Hamas killed in the airstrikes."
16,26/10/2023 09:35:19,"Yeah, its actually absurd how many people and outlets take the numbers reported by Hamas as gospel with no second thought."
16,26/10/2023 09:35:19,Glory to our Palestinian brother and sister world-leading statisticians who can count like no other!!! Alhamdullillah
16,26/10/2023 09:35:19,There is no way to accurately judge casualties in Gaza right now.
16,26/10/2023 09:35:19,"[According to satellite imagery analysis, UNOSAT identified 927 destroyed structure, 1216 severely damaged structures and 3121 moderately damaged structures, for a total of 5264 buildings. This corresponds to around 15% of the total structures in the North Gaza Governorate.](https://data.humdata.org/dataset/unosat-north-gaza-governorate-damage-assessment-analysis-15-october-2023) (15th October, UNOSAT)

 [""So far, the IAF has dropped about 6,000 bombs against Hamas targets""](https://twitter.com/IAFsite/status/1712484101763342772) (12^(th) October)

If you're leaning towards the \[-321, 150\] range, you're likely wrong. Similarly, the 7,000 figure is likely wrong.

If the destruction of each structure resulted in the death of, on average, 1 civilian, we're looking at about 1000 casualties (Though this is destruction circa 15^(th) October). If it's 10 per structure, we'd be looking at 10,000 casualties - but HAMAS would be saying 10,000 if they thought that was a reasonable estimate, so I don't think it's that high. 

If each Israel bomb resulted in an average 0.5 civilian casualties, we're looking at around 3,000 casualties (circa 2 weeks ago).

I'd put my prediction in the range \[1000, 7000\], with an expected value of around 4000."
16,26/10/2023 09:35:19,"Wait, you‚Äôre telling me the death toll is possibly negative? 

That is, all the bombing has actually created 321 humans?"
16,26/10/2023 09:35:19,"Hamas is Palestinians, Palestinians or Hamas. Don't vote them in if you don't want to be responsible for the repercussion of what they do. If it takes leveling Gaza and pushing every corpse and pizza debris into the sea to red the world of Hamas and the rest of the terrorists like Hezbollah and the houthis and I wouldn't mind if they nuked, Iran, North Korea, China, Russia and Syria. Sorry, but the world would be a far better place. Yes I have a right in my opinion and I'm sure I'll be blocked your band because of moderators on here. Don't like truth."
16,26/10/2023 09:35:19,"How about we get rid of Hamas first, and then go in and take a count?"
16,26/10/2023 09:35:19,"Within Gaza there are other institutions that are also working directly with the victims of the bombings, such as: doctors without borders, UN, Red Cross, etc. 

These institutions also give an estimate (since it is impossible to know the exact number of victims, as searches in the rubble are reduced due to the lack of gasoline), so it is possible to compare the data."
16,26/10/2023 09:35:19,"So let's do some maths.

A SINGLE building collapsed in Florida

>The total number of dead ended up being 98

Israel bombs 400 buildings, let's say half of those collapsed because averages right.

So 200 buildings 98 per building dead

That's 200 X 98 = 19,600 people potentially dead.

I think Hamas is being conservative with the numbers tbh.

700 doesn't seem so farfetched to me considering the Palestinians have nowhere to go but take cover in buildings."
17,15/05/2022 08:45:55,"I guess we call terrorists ""insurgents"" now...

>due to the severity of his injury was transported by an Israeli helicopter to Rambam hospital in Haifa, 

Would a wounded Israeli be treated at all (let alone with costly tools and resources) that if caught by Hamas?"
17,15/05/2022 08:45:55,Pretty sure targeting civilians doesn‚Äôt make you an insurgent
17,15/05/2022 08:45:55,Good. His death makes the world a safer place.
17,15/05/2022 08:45:55,Good news!
17,15/05/2022 08:45:55,good?
17,15/05/2022 08:45:55,What an idiot that rifle is ridiculous no wonder he died
17,15/05/2022 08:45:55,[deleted]
17,15/05/2022 08:45:55,Rest in peace.
17,15/05/2022 08:45:55,HERO
17,15/05/2022 08:45:55,">Would a wounded Israeli be treated at all (let alone with costly tools and resources) that if caught by Hamas?

absolutely no"
18,03/02/2023 16:31:11,"Mainstream news sources print headlines and stories that attract eyeballs and therefore sell advertising. Any time a news story raises your eyebrow, ask yourself who the target audience is, and who buys advertising in that medium. Or, in the case of ad-free media, who funds the medium for street cred and/or tax deductions. No news source will bite the hand that feeds it.

News is, first and foremost, entertainment. And rule number one of entertainment, is though shalt respect thine audience. Rule number two is end on a high note."
18,03/02/2023 16:31:11,It actually takes a while to research on the news because most sources are bias and do not mention it. Yes there were innocents killed but they should at least mentioned how many were innocent and how many weren‚Äôt.
18,03/02/2023 16:31:11,"It's worth pointing out that it's not just Israel saying these folks belonged to these organizations. It's not a question of ""just take the IDF's word for it,"" in most of these cases the organization in question *are claiming responsibility* for their fighters' actions, and *identifying them as their fighters'.* 

It's frustrating that you need to actually go to Arab media to get things like:

> And the al-Aqsa Martyrs‚Äô Brigade ‚Äî an armed militia affiliated with Fatah, the secular political party that controls the Palestinian Authority, claimed one of the dead, Izz al-Din Salahat, as a fighter.

Like ... the BBC and the Guardian can't read tweets, too?"
18,03/02/2023 16:31:11,"They aren‚Äôt terrorists. Simple as that. They‚Äôre partisans. 

The right to resist foreign occupation is enshrined in UN law. 


Also, your media side fails to mention the reasons Palestinians are fighting (perhaps the collective punishment, destruction of their homes, ethnic cleansing, illegal settlements, and blockade have something to do with it?)"
18,03/02/2023 16:31:11,"Finally!!! I can agree with a Zionist for once! 

I hate biased media! They also failed to state that Israel has been illegally building settlements on the West Bank and the suburbs of Jenin. That the settlers kept attacking Palestinian kids and women. That Israel also killed multiple individual Palestinians innocently weeks before the 9 have been killed. That Israel has illegally detained multiple Palestinians before the 9 have been killed. Damn biased mainstream media. Never mention anything."
18,03/02/2023 16:31:11,[removed]
18,03/02/2023 16:31:11,"So you‚Äôre ok with 22% collateral damage? Fuck ‚Äòem all I guess, right?"
18,03/02/2023 16:31:11,"So to be clear, you believe that targeting civilians is actually legal, according to the UN? 

If so, you are wrong, and I can help to educate you if you really think that. But first I want to confirm that I understand your comment correctly and this is actually what you believe."
18,03/02/2023 16:31:11,"They kill aim for civilians, bomb busses, and shoot rockets at  civilians. Tell me with a straight face they aren't terrorists."
18,03/02/2023 16:31:11,You fail to mention the requirement of distinguishing themselves from civilians. [Which is a war crime](https://ihl-databases.icrc.org/en/ihl-treaties/api-1977/article-48?activeTab=undefined). And all the buzzwords in your comment show you are not very educated in Int'l law or military matters.
19,07/07/2023 03:17:02,"It isn't just a military tactic, it's part of the public relations war the Palestinians have been winning ever since the first intifada. Palestinian casualties help their cause because they use those casualties to garner international sympathy. And you can see how effective that strategy is.

This public relations strategy dates back to Arafat and the first intifada, when he brilliantly told Palestinians to put down their guns and bombs and pick up rocks instead. Some of us are old enough remember the powerful images in the 1980's of Palestinians throwing rocks at Israeli tanks. That is when international sentiment started to change and the Palestinians started winning the public relations war."
19,07/07/2023 03:17:02,Because dead Palestinian civilians are a useful propaganda tool
19,07/07/2023 03:17:02,"In 2 words, human shield. They use the population as human shield to gain sympathy from ignorant westerners."
19,07/07/2023 03:17:02,"You answered your own question.

""But I often hear pro-Palestinian people saying that Israel wants to kill Palestinian civilians, or at least is indifferent to it and takes no precautions to avoid killing them."" - Ironic isn't it, Israel would be blamed for civilian death in Gaza even if they didn't have anything to do with the event."
19,07/07/2023 03:17:02,"Great anti-Zionist propaganda for when Al Jazeera, the ‚Äúindependent‚Äù (Qatar gov‚Äôt owned) news agency, hops on the tv."
19,07/07/2023 03:17:02,"More dead civilians = more hate for Israel, because Palestinian terrorists are just freedom fighters and Israel kills civilians for funsies, don'tchaknow. Also they need money because Israel keeps them all in dire poverty from all the apartheid stuff they do, whatever that means.

*<sound of idiotic Western leaders opening wallets>*"
19,07/07/2023 03:17:02,">When Hamas launches rockets into Israel, they often launch from civilian areas. But why don't they launch from the outskirts of Gaza, which is non-populated? It would definitely help to keep their civilians safer.

Because then its easy to blame israel for war crimes.
They do not care about there population. And sometimes deny them from living in a better place so west media could see how bad they live

>Additionally, in the West Bank, terror organizations are based in cities, such as Jenin, as we saw recently. But why can't the militants set up a base somewhere in the desert, and therefore keep the fighting away from civilian areas? Or why can't they at least set up a dedicated building within the city?

That is because almoat all a areas are citis. And israel got the wasteland.

> you answer the above questions? 

""Its propaganda"" or will say that ""well in this one specific case there is..."""
19,07/07/2023 03:17:02,"Why did Jewish terror orgs before 1948 hide among civilians and hide weapons in synagogues etc? Same place, same fight, same reasons."
19,07/07/2023 03:17:02,"They‚Äôre fighting against a superior military force, they want to make it more difficult for the other side to retaliate, which they have. All is fair in love and war, I‚Äôd do the same we‚Äôre I convinced that I should fight but also realize I can‚Äôt win. I wouldn‚Äôt call it a heroic strategy but it does create a difficult and costly dilemma to the enemy."
19,07/07/2023 03:17:02,"Because the Palestinian militants are controlled by Palestinian leaders. And Palestinian leaders hate Arabs.

The quickest way to assure the largest possible number of Arabs die, is to educate your Arab soldiers to launch ranged weapons from public areas. So that‚Äôs what they instruct them to do.

In any given situation with a binary choice (yes | no) between

- dead Arabs
- no dead Arabs

‚Ä¶ Palestinian leaders will seek to maximise choice (1)"
